{"cameraMode":{"drawMode":0,"name":"Shaded","section":"Shading Mode"},"sceneLighting":false,"audioPlay":false,"sceneViewState":{"showFog":false,"showMaterialUpdate":false,"showSkybox":false,"showFlares":false,"showImageEffects":false,"showParticleSystems":false},"in2DMode":false,"pivot":{"x":0.1777591109275818,"y":-0.13347198069095612,"z":-0.09815289080142975},"rotation":{"x":0.23303799331188203,"y":0.4067453145980835,"z":-0.10811995714902878,"w":0.8766764998435974},"size":22.0,"orthographic":false}