{"cameraMode":{"drawMode":0,"name":"Shaded","section":"Shading Mode"},"sceneLighting":true,"audioPlay":false,"sceneViewState":{"showFog":false,"showMaterialUpdate":false,"showSkybox":false,"showFlares":false,"showImageEffects":false,"showParticleSystems":false},"in2DMode":false,"pivot":{"x":-0.20037280023097993,"y":2.5550107955932619,"z":-0.7000036239624023},"rotation":{"x":0.39264026284217837,"y":-0.0019322646548971534,"z":0.0008251848630607128,"w":0.9196897149085999},"size":10.106697082519532,"orthographic":false}