{"cameraMode":{"drawMode":0,"name":"Shaded","section":"Shading Mode"},"sceneLighting":false,"audioPlay":false,"sceneViewState":{"showFog":false,"showMaterialUpdate":false,"showSkybox":false,"showFlares":false,"showImageEffects":false,"showParticleSystems":false},"in2DMode":false,"pivot":{"x":2.385734796524048,"y":2.749030828475952,"z":-8.96603012084961},"rotation":{"x":0.38441723585128786,"y":0.25190114974975588,"z":-0.10987608134746552,"w":0.8813039064407349},"size":3.401561975479126,"orthographic":false}